set,video_id,title,published,views,duration
popular,Wdjh81uH6FU,"$1 vs $10,000,000 Job!",2023-11-25,339021649,PT13M36S
popular,jObOjhUkf50,"$1 vs $250,000 Vacation!",2023-08-12,471425366,PT15M58S
popular,NkE0AMGzpJY,"Last To Leave $800,000 Island Keeps It",2020-08-15,300083298,PT21M15S
popular,3jS_yEK8qVI,"World’s Most Dangerous Escape Room!",2022-01-29,293049168,PT8M1S
popular,UPrkC1LdlLY,"Survive 100 Days In Nuclear Bunker, Win $500,000",2024-08-03,368544366,PT32M21S
popular,tnTPaLOaHz8,"$10,000 Every Day You Survive In A Grocery Store",2023-12-02,548294303,PT19M42S
popular,lOKASgtr6kU,"I Adopted 100 Dogs!",2023-12-23,430788861,PT13M24S
popular,vBpQ1SlfVtU,"World’s Largest Dominoes Vs Store",2023-09-02,295718945,PT14M59S
popular,tWYsfOSY9vY,"I Survived 7 Days In An Abandoned City",2024-03-02,378021467,PT14M54S
popular,YQDDm9HLkV4,"I Adopted EVERY Dog In A Dog Shelter",2020-07-23,288711805,PT16M4S
popular,0BjlBnfHcHM,"Beat Ronaldo, Win $1,000,000",2024-11-30,406809922,PT22M45S
popular,1WEAJ-DFkHE,"$1 vs $500,000 Plane Ticket!",2023-04-01,600684203,PT10M31S
popular,QjvpjXdgugA,"10 People Vs World's Deadliest Laser Maze for $250,000",2023-10-28,321561269,PT25M59S
popular,PWirijQkH4M,"World’s Deadliest Obstacle Course!",2024-06-15,453149717,PT28M25S
popular,gHzuabZUd6c,"Survive 100 Days In Circle, Win $500,000",2022-09-24,433502514,PT17M10S
popular,fMfipiV_17o,"Would You Sit In Snakes For $10,000?",2021-04-10,417588405,PT14M7S
popular,fuhE6PYnRMc,"Train Vs Giant Pit",2023-07-08,313238002,PT10M36S
popular,yXWw0_UfSFg,"Anything You Can Fit In The Circle I’ll Pay For",2020-03-07,347272632,PT19M43S
popular,zxYjTTXc-J8,"Last To Leave Circle Wins $500,000",2021-08-31,564212013,PT17M44S
popular,nM89Wl03Q4g,"I Survived 50 Hours In A Maximum Security Prison",2021-06-26,306572800,PT12M34S
popular,K_CbgLpvH9E,"I Spent 7 Days In Solitary Confinement",2023-12-30,307743367,PT20M16S
popular,YLt73w6criQ,"I Paid A Real Assassin To Try To Kill Me",2023-03-18,344240204,PT12M17S
popular,FM7Z-Xq8Drc,"Ages 1 - 100 Fight For $500,000",2023-05-27,471255312,PT25M36S
popular,9RhWXPcKBI8,"Survive 100 Days Trapped, Win $500,000",2023-12-16,480388749,PT25M52S
popular,0e3GPea1Tyg,"$456,000 Squid Game In Real Life!",2021-11-24,969856074,PT25M42S
popular,tVWWp1PqDus,"100 Boys Vs 100 Girls For $500,000",2022-07-23,316127645,PT16M53S
popular,9bqk6ZUsKyA,"I Spent 50 Hours Buried Alive",2021-03-27,349439578,PT12M40S
popular,Rj_vssRaZlQ,"I Ate The World’s Largest Slice Of Pizza",2020-08-01,343970700,PT8M3S
popular,C680oxL__ck,"I Ate $100,000 Golden Ice Cream",2021-01-22,312675399,PT13M17S
popular,l-nMKJ5J3Uc,"Ages 1 - 100 Decide Who Wins $250,000",2024-04-20,340098359,PT40M2S
popular,3OFj6l2tQ9s,"World's Most Dangerous Trap!",2023-10-07,367027758,PT19M34S
popular,Hwybp38GnZw,"I Built Willy Wonka's Chocolate Factory!",2022-06-04,385114412,PT16M11S
popular,U_LlX4t0A9I,"$10,000 Every Day You Survive In The Wilderness",2024-06-01,407698800,PT26M10S
popular,48h57PspBec,"$1 vs $1,000,000,000 Yacht!",2023-06-10,575417032,PT14M47S
popular,yhB3BgJyGl8,"7 Days Stranded At Sea",2023-08-05,447866689,PT18M5S
popular,4SNThp0YiU4,"50 YouTubers Fight For $1,000,000",2024-07-13,493828739,PT41M27S
popular,GLoeAJUcz38,"Press This Button To Win $100,000!",2020-11-14,372842691,PT15M11S
popular,KOEfDvr4DcQ,"Face Your Biggest Fear To Win $800,000",2024-02-10,416998639,PT22M3S
popular,ayXxwJJId_c,"I Bought The World's Largest Mystery Box! ($500,000)",2021-04-03,313476406,PT10M50S
popular,3ryID_SwU5E,"$1 vs $100,000,000 House!",2023-10-14,452997792,PT16M56S
popular,krsBRQbOPQ4,"$1 vs $250,000,000 Private Island!",2024-01-27,429495669,PT15M24S
popular,iogcY_4xGjo,"$1 vs $1,000,000 Hotel Room!",2022-10-22,476658817,PT15M41S
popular,KrLj6nc516A,"$1 vs $100,000,000 Car!",2023-09-16,582616756,PT15M37S
popular,r7zJ8srwwjk,"I Spent 50 Hours In Solitary Confinement",2020-05-30,346498006,PT15M52S
popular,_qAJMXfL6o0,"Would You Rather Have $100,000 OR This Mystery Key?",2020-06-13,297331781,PT17M55S
popular,7dYTw-jAYkY,"I Spent 7 Days Buried Alive",2023-11-18,325887662,PT18M34S
popular,erLbbextvlY,"7 Days Stranded On An Island",2024-03-30,528592433,PT20M45S
popular,0CTp1a-aCUM,"100 Kids Fight Parents For $500,000",2022-12-03,350272827,PT15M23S
popular,Xj0Jtjg3lHQ,"$1 vs $500,000 Experiences!",2024-11-02,302709730,PT17M40S
popular,QxGVgXf_LNk,"Going Through The Same Drive Thru 1,000 Times",2019-10-05,323731597,PT15M38S
recent,plN7JMbadRg,"Eat Everything In A Grocery Store, Win $1,000,000",2026-10-03,142233117,PT57M59S
recent,v9QtM6qnG50,"I Built A City To Save Kids From Illegal Labor",2026-09-19,93252235,PT19M3S
recent,gTKS8SAwUzE,"I Survived The Most Extreme Places On Earth",2026-09-05,122704486,PT23M28S
recent,Qtl8lJwbd4g,"Escape 100 Cops, Win $500,000",2026-08-22,115911697,PT20M29S
recent,Af6i6ChAVTw,"Last To Leave Mansion, Keeps It",2026-08-08,122720992,PT57M51S
recent,lVylRtlPOIE,"I Granted 100 Kids Their Biggest Wish!",2026-07-25,67122125,PT14M35S
recent,iYlODtkyw_I,"Survive 30 Days Chained To A Stranger, Win $250,000",2026-06-27,99919778,PT35M5S
recent,__fmDj0ZJ1Q,"50 YouTube Legends Fight For $1,000,000",2026-06-13,89837523,PT32M8S
recent,GpQSUjNsNm0,"7 Days Stranded in The Arctic",2026-05-30,136698936,PT32M15S
recent,AaMdXZMvT3w,"Survive 30 Days On An Island With Your Ex, Win $250,000",2026-05-16,113348861,PT39M9S
recent,6Zy5VLcEbZc,"I Stranded 100 People In The Wilderness For $250,000",2026-05-02,183149057,PT37M
recent,zRtGL0-5rg4,"Last To Leave Grocery Store, Wins $250,000",2026-04-18,204120221,PT42M57S
recent,DXVHmGoCTco,"50 Streamers Fight for $1,000,000",2026-04-04,127683173,PT49M31S
recent,JFtlf8RoPZY,"Trapped On An Island Until I Build A Boat",2026-03-21,170601632,PT30M13S
recent,AoN1K4c7VKE,"Survive 30 Days Stranded With Your Ex, Win $250,000",2026-03-07,139156366,PT30M4S
recent,5OLs1GWB4OA,"I Built 10 Schools Around The World",2026-02-21,84395863,PT16M5S
recent,9WEQts7b8Pw,"Ages 1 - 100 Race For $250,000!",2026-02-07,167391593,PT23M31S
recent,pAnGwRiQ4-4,"$1 vs $1,000,000,000 Futuristic Tech!",2026-01-24,193846359,PT23M4S
recent,QJI0an6irrA,"30 Celebrities Fight For $1,000,000!",2026-01-07,140502405,PT41M39S
recent,ZFoNBxpXen4,"Survive 30 Days Trapped In The Sky, Win $250,000",2025-12-20,224314901,PT37M26S
recent,8bMh8azh3CY,"100 Pilots Fight For A Private Jet",2025-12-06,168780102,PT28M46S
recent,Ah_uuTwGOYU,"World's Strongest Man Vs Robot",2025-11-22,146267791,PT18M24S
recent,3RmOvxilbPM,"100 People Vs World’s Biggest Trap!",2025-11-08,136947602,PT30M43S
recent,Oo9EbArcQ1c,"I Saved 1,000 Animals From Dying",2025-10-25,246438936,PT17M36S
recent,oBXSvS2QKxU,"100 Kids Vs World's Strongest Man!",2025-10-11,199618532,PT27M21S
recent,F0OkwXKcPSE,"Hi Me In 10 Years",2025-10-04,69861965,PT3M14S
recent,zo7i8VTpfNM,"How Much Would You Risk For $500,000?",2025-09-27,157268018,PT25M26S
recent,4l97aNza_Zc,"Survive 30 Days Chained To Your Ex, Win $250,000",2025-09-13,256232539,PT37M4S
recent,_AbFXuGDRTs,"$1 vs $1,000,000,000 Nuclear Bunker!",2025-08-30,195593179,PT17M18S
recent,TDv56whosPQ,"Survive 100 Days In Prison, Win $500,000",2025-08-16,174965198,PT39M36S
recent,Z4hVGCWH1Kc,"2,000,000 People Get Clean Water For The First Time!",2025-08-01,136615897,PT10M20S
recent,pzBi1nwDn8U,"Survive 100 Days Trapped In A Private Jet, Keep It",2025-07-19,197166239,PT33M3S
recent,FWAdfuPpLOc,"World's Fastest Car Vs Cheetah!",2025-07-05,261207366,PT20M37S
recent,pe_ejTiIcSs,"Lose 100 LBs, Win $250,000!",2025-06-21,282588472,PT36M50S
recent,hTSaweR8qMI,"$1 vs $500,000 Date",2025-06-07,199229292,PT17M22S
recent,DZIASl9q90s,"Beat Neymar, Win $500,000",2025-05-24,210641581,PT27M53S
recent,-4GmbBoYQjE,"I Survived 100 Hours In An Ancient Temple",2025-05-10,144726478,PT15M46S
recent,uyiG6uw-6pA,"Would You Risk Drowning for $500,000?",2025-04-26,220005665,PT25M46S
recent,figrl0aOULs,"Click This Video To Feed 1 Person",2025-04-12,79961014,PT10M29S
recent,aKq8bkY5eTU,"I Survived The 5 Deadliest Places On Earth",2025-03-22,202980181,PT13M23S
recent,zajUgQLviwk,"Last to Leave Their Circle Wins $500,000",2025-03-01,234948116,PT38M38S
recent,NDsO1LT_0lw,"I Spent 100 Hours Inside The Pyramids!",2025-02-08,268556303,PT21M43S
recent,sF5LYGgKbUA,"Every Minute One Person Is Eliminated",2025-01-25,184297506,PT34M46S
recent,SM66GDRyIVY,"I Helped 2,000 People Walk Again",2025-01-11,156243118,PT15M31S
recent,gs8qfL9PNac,"2,000 People Fight For $5,000,000",2024-12-19,210390228,PT23M17S
