shot,act,hero,duration_s,characters,reference_images,prompt,original_prompt,notes
1,1 · Darkness,yes,6,WILLIAM_14,ref_william_14.png,"Semi-realistic 3D CGI, game-cinematic render, 16:9. Slow push-in on a slim 14-year-old Malawian boy in a faded red T-shirt standing alone at a school gate as uniformed classmates stream past him. He lowers his gaze. Warm dusty light. Setting: rural central Malawi, early 2000s. WILLIAM (age 14): slim Malawian boy, close-cropped hair, faded red T-shirt, khaki shorts, worn sandals. No on-screen text, no logos, no watermarks.","Semi-realistic 3D CGI, game-cinematic render. Slow push-in on a slim 14-year-old Malawian boy in a faded red T-shirt standing alone at a school gate as uniformed classmates stream past him. He lowers his gaze. Warm dusty light.",
2,1 · Darkness,,4,,,"Semi-realistic 3D CGI, game-cinematic render, 16:9. Close-up of a worn hand counting a few crumpled bills over a wooden table, a fee notice beside them. The hand stops and slowly closes. Soft window light, shallow depth of field. Setting: rural central Malawi, early 2000s. No on-screen text, no logos, no watermarks.","Semi-realistic 3D CGI, game-cinematic render. Close-up of a worn hand counting a few crumpled bills over a wooden table, a fee notice beside them. The hand stops and slowly closes. Soft window light, shallow depth of field.",
3,1 · Darkness,yes,6,,,"Semi-realistic 3D CGI, game-cinematic render, 16:9. Slow aerial pull-back over a dry Malawian village of mud-brick houses and cracked brown fields. Dust drifts across empty paths. Desaturated tan and gray palette. Setting: rural central Malawi, early 2000s. No on-screen text, no logos, no watermarks.","Semi-realistic 3D CGI, game-cinematic render. Slow aerial pull-back over a dry Malawian village of mud-brick houses and cracked brown fields. Dust drifts across empty paths. Desaturated tan and gray palette.",
4,1 · Darkness,,6,,,"Semi-realistic 3D CGI, game-cinematic render, 16:9. Low-angle shot of a rickety homemade windmill beside a mud-brick house. Its pipe blades begin to turn as golden-hour light flares behind it. Setting: rural central Malawi, early 2000s. No on-screen text, no logos, no watermarks.","Semi-realistic 3D CGI, game-cinematic render. Low-angle shot of a rickety homemade windmill beside a mud-brick house. Its pipe blades begin to turn as golden-hour light flares behind it.",
5,1 · Darkness,,8,,,"Semi-realistic 3D CGI, game-cinematic render, 16:9. Aerial camera rises from a small windmill spinning in a dusty village up to a glowing Earth in the sky, soft light lines linking the two. Warm gold and pale blue. No on-screen text, no logos, no watermarks.","Semi-realistic 3D CGI, game-cinematic render. Aerial camera rises from a small windmill spinning in a dusty village up to a glowing Earth in the sky, soft light lines linking the two. Warm gold and pale blue.",
6,1 · Darkness,,6,WILLIAM_14,ref_william_14.png,"Semi-realistic 3D CGI, game-cinematic render, 16:9. Medium shot of the boy in a faded red T-shirt on a dirt path in front of mud-brick huts and maize fields. He turns toward the camera as warm sun lights his face. Setting: rural central Malawi, early 2000s. WILLIAM (age 14): slim Malawian boy, close-cropped hair, faded red T-shirt, khaki shorts, worn sandals. No on-screen text, no logos, no watermarks.","Semi-realistic 3D CGI, game-cinematic render. Medium shot of the boy in a faded red T-shirt on a dirt path in front of mud-brick huts and maize fields. He turns toward the camera as warm sun lights his face.",
7,1 · Darkness,,6,,,"Semi-realistic 3D CGI, game-cinematic render, 16:9. Slow aerial drift over a dry African landscape of scattered thatched huts and dusty roads. Tiny figures carry water on their heads. Muted tan and gray tones. Setting: rural central Malawi, early 2000s. No on-screen text, no logos, no watermarks.","Semi-realistic 3D CGI, game-cinematic render. Slow aerial drift over a dry African landscape of scattered thatched huts and dusty roads. Tiny figures carry water on their heads. Muted tan and gray tones.",
8,1 · Darkness,,6,WILLIAM_14,ref_william_14.png,"Semi-realistic 3D CGI, game-cinematic render, 16:9. Wide dusk shot of a row of unlit mud-brick houses. The boy stands silhouetted in a doorway and watches the last light fade. Cool blue-gray twilight. Setting: rural central Malawi, early 2000s. WILLIAM (age 14): slim Malawian boy, close-cropped hair, faded red T-shirt, khaki shorts, worn sandals. No on-screen text, no logos, no watermarks.","Semi-realistic 3D CGI, game-cinematic render. Wide dusk shot of a row of unlit mud-brick houses. The boy stands silhouetted in a doorway and watches the last light fade. Cool blue-gray twilight.",
9,1 · Darkness,,6,,,"Semi-realistic 3D CGI, game-cinematic render, 16:9. Night aerial pan across a vast dark landscape toward a tiny cluster of city lights in the far distance. Deep blue-gray haze, a few warm dots. No on-screen text, no logos, no watermarks.","Semi-realistic 3D CGI, game-cinematic render. Night aerial pan across a vast dark landscape toward a tiny cluster of city lights in the far distance. Deep blue-gray haze, a few warm dots.",
10,1 · Darkness,,6,WILLIAM_14 FATHER MOTHER,ref_william_14.png ref_father.png ref_mother.png,"Semi-realistic 3D CGI, game-cinematic render, 16:9. Medium shot inside a dark mud-brick room as a large family (a father, a mother and several daughters, the boy among them) sits around a small kerosene lamp on a woven mat. The flame flickers across their faces. Amber glow. Setting: rural central Malawi, early 2000s. WILLIAM (age 14): slim Malawian boy, close-cropped hair, faded red T-shirt, khaki shorts, worn sandals. FATHER: lean Malawian farmer in his 40s, faded work shirt, weathered hands. MOTHER: Malawian woman in her 40s, patterned chitenge wrap and headscarf. No on-screen text, no logos, no watermarks.","Semi-realistic 3D CGI, game-cinematic render. Medium shot inside a dark mud-brick room as a family of four sits around a small kerosene lamp on a woven mat. The flame flickers across their faces. Amber glow.","Fixed: William had six sisters, not a family of four."
11,1 · Darkness,,4,,,"Semi-realistic 3D CGI, game-cinematic render, 16:9. Close-up of a battered kerosene lamp with a flickering flame, black smoke curling up toward a thatched ceiling. Dark background, shallow depth of field. Setting: rural central Malawi, early 2000s. No on-screen text, no logos, no watermarks.","Semi-realistic 3D CGI, game-cinematic render. Close-up of a battered kerosene lamp with a flickering flame, black smoke curling up toward a thatched ceiling. Dark background, shallow depth of field.",
12,1 · Darkness,,6,,,"Semi-realistic 3D CGI, game-cinematic render, 16:9. Wide night shot of a village as a lamp in one doorway is blown out and the doorway goes dark. A faint moon above the huts. Deep blue-gray palette. Setting: rural central Malawi, early 2000s. No on-screen text, no logos, no watermarks.","Semi-realistic 3D CGI, game-cinematic render. Wide night shot of a village as a lamp in one doorway is blown out and the doorway goes dark. A faint moon above the huts. Deep blue-gray palette.",
13,2 · Farm and curiosity,,6,WILLIAM_14 FATHER MOTHER,ref_william_14.png ref_father.png ref_mother.png,"Semi-realistic 3D CGI, game-cinematic render, 16:9. Tracking shot alongside a Malawian father and mother carrying hoes, the boy beside them, walking the edge of a dry maize field. Golden-hour sun, dusty tan tones. Setting: rural central Malawi, early 2000s. WILLIAM (age 14): slim Malawian boy, close-cropped hair, faded red T-shirt, khaki shorts, worn sandals. FATHER: lean Malawian farmer in his 40s, faded work shirt, weathered hands. MOTHER: Malawian woman in her 40s, patterned chitenge wrap and headscarf. No on-screen text, no logos, no watermarks.","Semi-realistic 3D CGI, game-cinematic render. Tracking shot alongside a Malawian father and mother carrying hoes, the boy beside them, walking the edge of a dry maize field. Golden-hour sun, dusty tan tones.",
14,2 · Farm and curiosity,,6,,,"Semi-realistic 3D CGI, game-cinematic render, 16:9. Medium shot of tall green maize stalks swaying as a Malawian woman in a bright wrap walks between the rows with a basket of cobs. Soft morning haze. Setting: rural central Malawi, early 2000s. No on-screen text, no logos, no watermarks.","Semi-realistic 3D CGI, game-cinematic render. Medium shot of tall green maize stalks swaying as a Malawian woman in a bright wrap walks between the rows with a basket of cobs. Soft morning haze.",
15,2 · Farm and curiosity,,6,,,"Semi-realistic 3D CGI, game-cinematic render, 16:9. Medium shot inside a wooden drying shed as a Malawian man hangs bundles of tobacco leaves. Dust floats through slanting golden light. Setting: rural central Malawi, early 2000s. No on-screen text, no logos, no watermarks.","Semi-realistic 3D CGI, game-cinematic render. Medium shot inside a wooden drying shed as a Malawian man hangs bundles of tobacco leaves. Dust floats through slanting golden light.",
16,2 · Farm and curiosity,,6,,,"Semi-realistic 3D CGI, game-cinematic render, 16:9. Slow push-in on a farmer in a green maize field looking up at heavy gray rain clouds, hands open. Soft overcast light. Setting: rural central Malawi, early 2000s. No on-screen text, no logos, no watermarks.","Semi-realistic 3D CGI, game-cinematic render. Slow push-in on a farmer in a green maize field looking up at heavy gray rain clouds, hands open. Soft overcast light.",
17,2 · Farm and curiosity,,4,WILLIAM_14,ref_william_14.png,"Semi-realistic 3D CGI, game-cinematic render, 16:9. Close-up of the boy's face as his eyes widen with curiosity and he leans toward something just out of frame. Warm window light, blurred mud-brick wall. Setting: rural central Malawi, early 2000s. WILLIAM (age 14): slim Malawian boy, close-cropped hair, faded red T-shirt, khaki shorts, worn sandals. No on-screen text, no logos, no watermarks.","Semi-realistic 3D CGI, game-cinematic render. Close-up of the boy's face as his eyes widen with curiosity and he leans toward something just out of frame. Warm window light, blurred mud-brick wall.",
18,2 · Farm and curiosity,,4,WILLIAM_14,ref_william_14.png,"Semi-realistic 3D CGI, game-cinematic render, 16:9. High-angle close-up of the boy's hands unscrewing an old radio, lifting out a small circuit board and setting it down neatly among the other parts. Setting: rural central Malawi, early 2000s. WILLIAM (age 14): slim Malawian boy, close-cropped hair, faded red T-shirt, khaki shorts, worn sandals. No on-screen text, no logos, no watermarks.","Semi-realistic 3D CGI, game-cinematic render. High-angle close-up of the boy's hands unscrewing an old radio, lifting out a small circuit board and setting it down neatly among the other parts.",
19,2 · Farm and curiosity,,6,WILLIAM_14,ref_william_14.png,"Semi-realistic 3D CGI, game-cinematic render, 16:9. Medium shot of a neighbor handing an old radio to the boy outside a mud-brick house. The boy nods and carries it inside. Warm afternoon light. Setting: rural central Malawi, early 2000s. WILLIAM (age 14): slim Malawian boy, close-cropped hair, faded red T-shirt, khaki shorts, worn sandals. No on-screen text, no logos, no watermarks.","Semi-realistic 3D CGI, game-cinematic render. Medium shot of a neighbor handing an old radio to the boy outside a mud-brick house. The boy nods and carries it inside. Warm afternoon light.",
20,2 · Farm and curiosity,,6,WILLIAM_14,ref_william_14.png,"Semi-realistic 3D CGI, game-cinematic render, 16:9. Medium shot of the boy soldering a tiny wire inside a radio, a thin curl of smoke rising, three more radios waiting on the shelf behind him. Warm lamp light. Setting: rural central Malawi, early 2000s. WILLIAM (age 14): slim Malawian boy, close-cropped hair, faded red T-shirt, khaki shorts, worn sandals. No on-screen text, no logos, no watermarks.","Semi-realistic 3D CGI, game-cinematic render. Medium shot of the boy soldering a tiny wire inside a radio, a thin curl of smoke rising, three more radios waiting on the shelf behind him. Warm lamp light.",
21,2 · Farm and curiosity,,6,WILLIAM_14,ref_william_14.png,"Semi-realistic 3D CGI, game-cinematic render, 16:9. Medium shot of the boy in a school uniform at a wooden desk in a brick classroom, raising his hand eagerly. A teacher points to him. Warm light through the windows. Setting: rural central Malawi, early 2000s. WILLIAM (age 14): slim Malawian boy, close-cropped hair, faded red T-shirt, khaki shorts, worn sandals. No on-screen text, no logos, no watermarks.","Semi-realistic 3D CGI, game-cinematic render. Medium shot of the boy in a blue school uniform at a wooden desk in a brick classroom, raising his hand eagerly. A teacher points to him. Warm light through the windows.",Fixed: uniform colour unverified.
22,2 · Farm and curiosity,,6,WILLIAM_14,ref_william_14.png,"Semi-realistic 3D CGI, game-cinematic render, 16:9. Slow push-in on the boy at his desk as the window light fades and gray fog creeps across the classroom. The chalkboard goes dark. Cool blue-gray light. Setting: rural central Malawi, early 2000s. WILLIAM (age 14): slim Malawian boy, close-cropped hair, faded red T-shirt, khaki shorts, worn sandals. No on-screen text, no logos, no watermarks.","Semi-realistic 3D CGI, game-cinematic render. Slow push-in on the boy at his desk as the window light fades and gray fog creeps across the classroom. The chalkboard goes dark. Cool blue-gray light.",
23,3 · Famine,,6,,,"Semi-realistic 3D CGI, game-cinematic render, 16:9. Split-frame wide shot. A flooded brown field under storm clouds on the left dissolves into the same field cracked and dry under a harsh sun on the right. Setting: rural central Malawi, early 2000s. No on-screen text, no logos, no watermarks.","Semi-realistic 3D CGI, game-cinematic render. Split-frame wide shot. A flooded brown field under storm clouds on the left dissolves into the same field cracked and dry under a harsh sun on the right.",Split-frame dissolve: may be easier as 2 clips cut together.
24,3 · Famine,,6,,,"Semi-realistic 3D CGI, game-cinematic render, 16:9. Close-up of withered yellow-brown maize stalks bending in a dry wind, empty cobs hanging limp. Dust drifts across the frame. Setting: rural central Malawi, early 2000s. No on-screen text, no logos, no watermarks.","Semi-realistic 3D CGI, game-cinematic render. Close-up of withered yellow-brown maize stalks bending in a dry wind, empty cobs hanging limp. Dust drifts across the frame.",
25,3 · Famine,,6,,,"Semi-realistic 3D CGI, game-cinematic render, 16:9. Wide shot of trucks loaded with grain sacks pulling out of a storage depot as officials in suits watch from the yard. Gray overcast light, dust trailing the trucks. Setting: rural central Malawi, early 2000s. No on-screen text, no logos, no watermarks.","Semi-realistic 3D CGI, game-cinematic render. Wide shot of trucks loaded with grain sacks pulling out of a storage depot as officials in suits watch from the yard. Gray overcast light, dust trailing the trucks.",Implies the 2001 sale of Malawi's grain reserve. Keep only if the narration states and sources it.
26,3 · Famine,,6,,,"Semi-realistic 3D CGI, game-cinematic render, 16:9. High-angle descent into an empty grain silo, a single beam of light falling on bare concrete and a few stray kernels. Cold gray-blue palette. Setting: rural central Malawi, early 2000s. No on-screen text, no logos, no watermarks.","Semi-realistic 3D CGI, game-cinematic render. High-angle descent into an empty grain silo, a single beam of light falling on bare concrete and a few stray kernels. Cold gray-blue palette.",
27,3 · Famine,,6,,,"Semi-realistic 3D CGI, game-cinematic render, 16:9. Medium shot at a village market as a Malawian woman counts a few coins, looks at a tiny pile of maize and slowly closes her hand. Warm dusty light. Setting: rural central Malawi, early 2000s. No on-screen text, no logos, no watermarks.","Semi-realistic 3D CGI, game-cinematic render. Medium shot at a village market as a Malawian woman counts a few coins, looks at a tiny pile of maize and slowly closes her hand. Warm dusty light.",
28,3 · Famine,,6,WILLIAM_14 FATHER MOTHER,ref_william_14.png ref_father.png ref_mother.png,"Semi-realistic 3D CGI, game-cinematic render, 16:9. Medium shot of a Malawian father and mother on a bench with their heads lowered while the boy stands behind them. Slow push-in. Dull overcast light. Setting: rural central Malawi, early 2000s. WILLIAM (age 14): slim Malawian boy, close-cropped hair, faded red T-shirt, khaki shorts, worn sandals. FATHER: lean Malawian farmer in his 40s, faded work shirt, weathered hands. MOTHER: Malawian woman in her 40s, patterned chitenge wrap and headscarf. No on-screen text, no logos, no watermarks.","Semi-realistic 3D CGI, game-cinematic render. Medium shot of a Malawian father and mother on a bench with their heads lowered while the boy stands behind them. Slow push-in. Dull overcast light.",
29,3 · Famine,,4,FATHER,ref_father.png,"Semi-realistic 3D CGI, game-cinematic render, 16:9. Close-up of a father's weathered hands turning an empty cloth pouch over a table. A few small coins roll out and stop. Shallow depth of field. Setting: rural central Malawi, early 2000s. FATHER: lean Malawian farmer in his 40s, faded work shirt, weathered hands. No on-screen text, no logos, no watermarks.","Semi-realistic 3D CGI, game-cinematic render. Close-up of a father's weathered hands turning an empty cloth pouch over a table. A few small coins roll out and stop. Shallow depth of field.",
30,3 · Famine,,6,,,"Semi-realistic 3D CGI, game-cinematic render, 16:9. High-angle push-in on a small stack of coins beside a handwritten fee note, the coins clearly too few. Warm lamp light. Setting: rural central Malawi, early 2000s. No on-screen text, no logos, no watermarks.","Semi-realistic 3D CGI, game-cinematic render. High-angle push-in on a small stack of coins beside a handwritten fee note, the coins clearly too few. Warm lamp light.",
31,3 · Famine,,6,WILLIAM_14,ref_william_14.png,"Semi-realistic 3D CGI, game-cinematic render, 16:9. Wide shot of the boy walking away from a brick school, his bag hanging low. Classmates enter the doors behind him as the camera slowly pulls back. Late-afternoon long shadows. Setting: rural central Malawi, early 2000s. WILLIAM (age 14): slim Malawian boy, close-cropped hair, faded red T-shirt, khaki shorts, worn sandals. No on-screen text, no logos, no watermarks.","Semi-realistic 3D CGI, game-cinematic render. Wide shot of the boy walking away from a brick school, his bag hanging low. Classmates enter the doors behind him as the camera slowly pulls back. Late-afternoon long shadows.",
32,3 · Famine,,6,,,"Semi-realistic 3D CGI, game-cinematic render, 16:9. Slow aerial drift over a parched landscape of cracked brown earth and bare trees, dust haze rolling across the horizon. Flat harsh light. Setting: rural central Malawi, early 2000s. No on-screen text, no logos, no watermarks.","Semi-realistic 3D CGI, game-cinematic render. Slow aerial drift over a parched landscape of cracked brown earth and bare trees, dust haze rolling across the horizon. Flat harsh light.",
33,3 · Famine,,6,,,"Semi-realistic 3D CGI, game-cinematic render, 16:9. Medium shot of thin villagers sitting listlessly outside mud-brick houses while a child rests its head on a woman's lap. A slow lateral dolly. Muted gray-brown tones. Setting: rural central Malawi, early 2000s. No on-screen text, no logos, no watermarks.","Semi-realistic 3D CGI, game-cinematic render. Medium shot of thin villagers sitting listlessly outside mud-brick houses while a child rests its head on a woman's lap. A slow lateral dolly. Muted gray-brown tones.",
34,3 · Famine,,6,WILLIAM_14 FATHER MOTHER,ref_william_14.png ref_father.png ref_mother.png,"Semi-realistic 3D CGI, game-cinematic render, 16:9. High-angle shot of a large family (a father, a mother and several daughters, the boy among them) around a low table with one small bowl of porridge. A hand passes the bowl to a child, then rests empty. Dim window light. Setting: rural central Malawi, early 2000s. WILLIAM (age 14): slim Malawian boy, close-cropped hair, faded red T-shirt, khaki shorts, worn sandals. FATHER: lean Malawian farmer in his 40s, faded work shirt, weathered hands. MOTHER: Malawian woman in her 40s, patterned chitenge wrap and headscarf. No on-screen text, no logos, no watermarks.","Semi-realistic 3D CGI, game-cinematic render. High-angle shot of a family of four around a low table with one small bowl of porridge. A hand passes the bowl to a child, then rests empty. Dim window light.","Fixed: large family, not four."
35,3 · Famine,,6,WILLIAM_14 MOTHER,ref_william_14.png ref_mother.png,"Semi-realistic 3D CGI, game-cinematic render, 16:9. Close-up of the boy watching his tired mother lie down on a woven mat, worry crossing his face. Slow push-in. Cold diffuse light. Setting: rural central Malawi, early 2000s. WILLIAM (age 14): slim Malawian boy, close-cropped hair, faded red T-shirt, khaki shorts, worn sandals. MOTHER: Malawian woman in her 40s, patterned chitenge wrap and headscarf. No on-screen text, no logos, no watermarks.","Semi-realistic 3D CGI, game-cinematic render. Close-up of the boy watching his tired mother lie down on a woven mat, worry crossing his face. Slow push-in. Cold diffuse light.",
36,3 · Famine,,6,,,"Semi-realistic 3D CGI, game-cinematic render, 16:9. Medium shot of a nearly empty market stall. A vendor shrugs at a thin customer holding out a few coins and the customer's hand slowly drops. Washed-out light. Setting: rural central Malawi, early 2000s. No on-screen text, no logos, no watermarks.","Semi-realistic 3D CGI, game-cinematic render. Medium shot of a nearly empty market stall. A vendor shrugs at a thin customer holding out a few coins and the customer's hand slowly drops. Washed-out light.",
37,3 · Famine,,6,,,"Semi-realistic 3D CGI, game-cinematic render, 16:9. Medium shot of a woman crouched at the edge of a dry field, plucking wild leaves into a cloth while her child waits beside her. Harsh midday sun. Setting: rural central Malawi, early 2000s. No on-screen text, no logos, no watermarks.","Semi-realistic 3D CGI, game-cinematic render. Medium shot of a woman crouched at the edge of a dry field, plucking wild leaves into a cloth while her child waits beside her. Harsh midday sun.",
38,3 · Famine,,6,,,"Semi-realistic 3D CGI, game-cinematic render, 16:9. Slow push-in down an empty dirt path through a still village. Laundry hangs motionless and a single chicken pecks in the dust. Soft gray light. Setting: rural central Malawi, early 2000s. No on-screen text, no logos, no watermarks.","Semi-realistic 3D CGI, game-cinematic render. Slow push-in down an empty dirt path through a still village. Laundry hangs motionless and a single chicken pecks in the dust. Soft gray light.",
39,3 · Famine,,6,,,"Semi-realistic 3D CGI, game-cinematic render, 16:9. Medium shot of a lone child on a doorstep. A faded ball rolls slightly in the breeze and stops in the dust. Dull overcast light. Setting: rural central Malawi, early 2000s. No on-screen text, no logos, no watermarks.","Semi-realistic 3D CGI, game-cinematic render. Medium shot of a lone child on a doorstep. A faded ball rolls slightly in the breeze and stops in the dust. Dull overcast light.",
40,3 · Famine,,6,,,"Semi-realistic 3D CGI, game-cinematic render, 16:9. Wide tracking shot of villagers walking slowly home at dusk, their long shadows stretching across cracked ground. Cool blue-gray twilight. Setting: rural central Malawi, early 2000s. No on-screen text, no logos, no watermarks.","Semi-realistic 3D CGI, game-cinematic render. Wide tracking shot of villagers walking slowly home at dusk, their long shadows stretching across cracked ground. Cool blue-gray twilight.",
41,4 · The library,,6,WILLIAM_14,ref_william_14.png,"Semi-realistic 3D CGI, game-cinematic render, 16:9. Low-angle shot of the boy standing on a dirt path, chin lifting as golden sun breaks through gray clouds behind him. He begins to walk toward a distant building. Setting: rural central Malawi, early 2000s. WILLIAM (age 14): slim Malawian boy, close-cropped hair, faded red T-shirt, khaki shorts, worn sandals. No on-screen text, no logos, no watermarks.","Semi-realistic 3D CGI, game-cinematic render. Low-angle shot of the boy standing on a dirt path, chin lifting as golden sun breaks through gray clouds behind him. He begins to walk toward a distant building.",
42,4 · The library,,6,WILLIAM_14,ref_william_14.png,"Semi-realistic 3D CGI, game-cinematic render, 16:9. Medium shot of the boy listening as an older villager points down a dirt road. The boy's eyes follow the direction toward a small brick building. Warm afternoon light. Setting: rural central Malawi, early 2000s. WILLIAM (age 14): slim Malawian boy, close-cropped hair, faded red T-shirt, khaki shorts, worn sandals. No on-screen text, no logos, no watermarks.","Semi-realistic 3D CGI, game-cinematic render. Medium shot of the boy listening as an older villager points down a dirt road. The boy's eyes follow the direction toward a small brick building. Warm afternoon light.",
43,4 · The library,yes,6,,,"Semi-realistic 3D CGI, game-cinematic render, 16:9. Slow push-in on a small brick library room with wooden shelves and boxes of donated books, sunlight streaming through a window with dust floating. Setting: rural central Malawi, early 2000s. No on-screen text, no logos, no watermarks.","Semi-realistic 3D CGI, game-cinematic render. Slow push-in on a small brick library room with wooden shelves and boxes of donated books, sunlight streaming through a window with dust floating.",
44,4 · The library,,6,WILLIAM_14,ref_william_14.png,"Semi-realistic 3D CGI, game-cinematic render, 16:9. Wide tracking shot of the boy walking quickly down a dusty path toward a small brick library at golden hour, long shadows trailing behind him. Setting: rural central Malawi, early 2000s. WILLIAM (age 14): slim Malawian boy, close-cropped hair, faded red T-shirt, khaki shorts, worn sandals. No on-screen text, no logos, no watermarks.","Semi-realistic 3D CGI, game-cinematic render. Wide tracking shot of the boy walking quickly down a dusty path toward a small brick library at golden hour, long shadows trailing behind him.",
45,4 · The library,,6,WILLIAM_14,ref_william_14.png,"Semi-realistic 3D CGI, game-cinematic render, 16:9. View through a library window as the boy sits at a wooden table with a stack of books while uniformed students cross the yard outside. Slow push-in. Warm light. Setting: rural central Malawi, early 2000s. WILLIAM (age 14): slim Malawian boy, close-cropped hair, faded red T-shirt, khaki shorts, worn sandals. No on-screen text, no logos, no watermarks.","Semi-realistic 3D CGI, game-cinematic render. View through a library window as the boy sits at a wooden table with a stack of books while uniformed students cross the yard outside. Slow push-in. Warm light.",
46,4 · The library,,6,WILLIAM_14,ref_william_14.png,"Semi-realistic 3D CGI, game-cinematic render, 16:9. Close-up of the boy's face as he frowns slightly at a thick English science book, his lips silently forming words. Dust motes drift in warm window light. Setting: rural central Malawi, early 2000s. WILLIAM (age 14): slim Malawian boy, close-cropped hair, faded red T-shirt, khaki shorts, worn sandals. No on-screen text, no logos, no watermarks.","Semi-realistic 3D CGI, game-cinematic render. Close-up of the boy's face as he frowns slightly at a thick English science book, his lips silently forming words. Dust motes drift in warm window light.",
47,4 · The library,,4,WILLIAM_14,ref_william_14.png,"Semi-realistic 3D CGI, game-cinematic render, 16:9. High-angle close-up of a book page with a circuit diagram as the boy's finger slowly traces a line across it. Warm light, paper texture. Setting: rural central Malawi, early 2000s. WILLIAM (age 14): slim Malawian boy, close-cropped hair, faded red T-shirt, khaki shorts, worn sandals. No on-screen text, no logos, no watermarks.","Semi-realistic 3D CGI, game-cinematic render. High-angle close-up of a book page with a circuit diagram as the boy's finger slowly traces a line across it. Warm light, paper texture.",
48,4 · The library,,6,WILLIAM_14,ref_william_14.png,"Semi-realistic 3D CGI, game-cinematic render, 16:9. Medium shot of the boy flipping pages quickly as translucent glowing sketches of a battery and a motor float up from the book. Warm light, cyan highlights. Setting: rural central Malawi, early 2000s. WILLIAM (age 14): slim Malawian boy, close-cropped hair, faded red T-shirt, khaki shorts, worn sandals. No on-screen text, no logos, no watermarks.","Semi-realistic 3D CGI, game-cinematic render. Medium shot of the boy flipping pages quickly as translucent glowing sketches of a battery and a motor float up from the book. Warm light, cyan highlights.",
49,4 · The library,,4,WILLIAM_14,ref_william_14.png,"Semi-realistic 3D CGI, game-cinematic render, 16:9. Close-up of the boy's hands sliding a worn science textbook out from a crowded shelf. Dust puffs off the cover. Shallow depth of field. Setting: rural central Malawi, early 2000s. WILLIAM (age 14): slim Malawian boy, close-cropped hair, faded red T-shirt, khaki shorts, worn sandals. No on-screen text, no logos, no watermarks.","Semi-realistic 3D CGI, game-cinematic render. Close-up of the boy's hands sliding a worn science textbook out from a crowded shelf. Dust puffs off the cover. Shallow depth of field.",
50,4 · The library,yes,6,WILLIAM_14,ref_william_14.png,"Semi-realistic 3D CGI, game-cinematic render, 16:9. Slow push-in on a textbook cover showing a tall white windmill against a blue sky, the boy's thumb resting at its edge. Warm library light. Setting: rural central Malawi, early 2000s. WILLIAM (age 14): slim Malawian boy, close-cropped hair, faded red T-shirt, khaki shorts, worn sandals. No on-screen text, no logos, no watermarks.","Semi-realistic 3D CGI, game-cinematic render. Slow push-in on a textbook cover showing a tall white windmill against a blue sky, the boy's thumb resting at its edge. Warm library light.",
51,4 · The library,,6,WILLIAM_14,ref_william_14.png,"Semi-realistic 3D CGI, game-cinematic render, 16:9. High-angle shot of an open textbook page as the printed wind arrows gently animate and the diagram's blades begin to turn. The boy's eyes shine in the page glow. Setting: rural central Malawi, early 2000s. WILLIAM (age 14): slim Malawian boy, close-cropped hair, faded red T-shirt, khaki shorts, worn sandals. No on-screen text, no logos, no watermarks.","Semi-realistic 3D CGI, game-cinematic render. High-angle shot of an open textbook page as the printed wind arrows gently animate and the diagram's blades begin to turn. The boy's eyes shine in the page glow.",
52,4 · The library,,6,,,"Semi-realistic 3D CGI, game-cinematic render, 16:9. Floating 3D diagram above an open book. Turbine blades spin a generator and glowing blue current flows down a wire. Dark library background, warm lamp light. Setting: rural central Malawi, early 2000s. No on-screen text, no logos, no watermarks.","Semi-realistic 3D CGI, game-cinematic render. Floating 3D diagram above an open book. Turbine blades spin a generator and glowing blue current flows down a wire. Dark library background, warm lamp light.",
53,4 · The library,,4,WILLIAM_14,ref_william_14.png,"Semi-realistic 3D CGI, game-cinematic render, 16:9. Extreme close-up of the boy's face as his eyes widen in sudden realization and a soft glow crosses his cheek. Shallow depth of field. Setting: rural central Malawi, early 2000s. WILLIAM (age 14): slim Malawian boy, close-cropped hair, faded red T-shirt, khaki shorts, worn sandals. No on-screen text, no logos, no watermarks.","Semi-realistic 3D CGI, game-cinematic render. Extreme close-up of the boy's face as his eyes widen in sudden realization and a soft glow crosses his cheek. Shallow depth of field.",
54,4 · The library,,6,,,"Semi-realistic 3D CGI, game-cinematic render, 16:9. Floating 3D diagram. A windmill turns above a pump that sends a clear stream of water through a pipe into a dry field. Soft pale-blue background. Setting: rural central Malawi, early 2000s. No on-screen text, no logos, no watermarks.","Semi-realistic 3D CGI, game-cinematic render. Floating 3D diagram. A windmill turns above a pump that sends a clear stream of water through a pipe into a dry field. Soft pale-blue background.",
55,4 · The library,,6,,,"Semi-realistic 3D CGI, game-cinematic render, 16:9. Wide shot of a dry field slowly turning green as water flows along a trench, a small windmill spinning at its edge. Warm golden light, vivid green. Setting: rural central Malawi, early 2000s. No on-screen text, no logos, no watermarks.","Semi-realistic 3D CGI, game-cinematic render. Wide shot of a dry field slowly turning green as water flows along a trench, a small windmill spinning at its edge. Warm golden light, vivid green.",
56,4 · The library,,6,WILLIAM_14,ref_william_14.png,"Semi-realistic 3D CGI, game-cinematic render, 16:9. Low-angle tilt up from the boy gazing at a large glowing windmill silhouette in the sky, light rays fanning out from its blades. Warm gold and pale blue. Setting: rural central Malawi, early 2000s. WILLIAM (age 14): slim Malawian boy, close-cropped hair, faded red T-shirt, khaki shorts, worn sandals. No on-screen text, no logos, no watermarks.","Semi-realistic 3D CGI, game-cinematic render. Low-angle tilt up from the boy gazing at a large glowing windmill silhouette in the sky, light rays fanning out from its blades. Warm gold and pale blue.",
57,5 · Building it,,6,WILLIAM_14,ref_william_14.png,"Semi-realistic 3D CGI, game-cinematic render, 16:9. Wide shot of the boy standing alone in an empty dusty yard with bare hands, the camera slowly pulling back to make him look small. Flat midday light. Setting: rural central Malawi, early 2000s. WILLIAM (age 14): slim Malawian boy, close-cropped hair, faded red T-shirt, khaki shorts, worn sandals. No on-screen text, no logos, no watermarks.","Semi-realistic 3D CGI, game-cinematic render. Wide shot of the boy standing alone in an empty dusty yard with bare hands, the camera slowly pulling back to make him look small. Flat midday light.",
58,5 · Building it,yes,6,WILLIAM_14,ref_william_14.png,"Semi-realistic 3D CGI, game-cinematic render, 16:9. Slow push-in on a dusty village scrapyard of rusted metal and old tires, the boy at its edge turning to look it over. Golden-hour long shadows. Setting: rural central Malawi, early 2000s. WILLIAM (age 14): slim Malawian boy, close-cropped hair, faded red T-shirt, khaki shorts, worn sandals. No on-screen text, no logos, no watermarks.","Semi-realistic 3D CGI, game-cinematic render. Slow push-in on a dusty village scrapyard of rusted metal and old tires, the boy at its edge turning to look it over. Golden-hour long shadows.",
59,5 · Building it,,6,WILLIAM_14,ref_william_14.png,"Semi-realistic 3D CGI, game-cinematic render, 16:9. Tracking shot of the boy carrying an armful of rusty pipes across the scrapyard, dust rising at his feet. Warm low sun with rim light on his shoulders. Setting: rural central Malawi, early 2000s. WILLIAM (age 14): slim Malawian boy, close-cropped hair, faded red T-shirt, khaki shorts, worn sandals. No on-screen text, no logos, no watermarks.","Semi-realistic 3D CGI, game-cinematic render. Tracking shot of the boy carrying an armful of rusty pipes across the scrapyard, dust rising at his feet. Warm low sun with rim light on his shoulders.",
60,5 · Building it,yes,6,,,"Semi-realistic 3D CGI, game-cinematic render, 16:9. High-angle shot as hands lay out a bicycle frame, a tractor fan, PVC pipes, a shock absorber and coiled wire one by one on a dirt floor. Warm directional sunlight. Setting: rural central Malawi, early 2000s. No on-screen text, no logos, no watermarks.","Semi-realistic 3D CGI, game-cinematic render. High-angle shot as hands lay out a bicycle frame, a tractor fan, PVC pipes, a shock absorber and coiled wire one by one on a dirt floor. Warm directional sunlight.",
61,5 · Building it,,4,,,"Semi-realistic 3D CGI, game-cinematic render, 16:9. Extreme close-up of a bent, rusty bicycle frame in the dust as flakes of paint blow off in the wind. Harsh midday light, shallow depth of field. Setting: rural central Malawi, early 2000s. No on-screen text, no logos, no watermarks.","Semi-realistic 3D CGI, game-cinematic render. Extreme close-up of a bent, rusty bicycle frame in the dust as flakes of paint blow off in the wind. Harsh midday light, shallow depth of field.",
62,5 · Building it,,4,WILLIAM_14,ref_william_14.png,"Semi-realistic 3D CGI, game-cinematic render, 16:9. Close-up of the boy studying the scrap pile while a glowing translucent blueprint of a windmill forms over the junk. Warm light, cyan highlights. Setting: rural central Malawi, early 2000s. WILLIAM (age 14): slim Malawian boy, close-cropped hair, faded red T-shirt, khaki shorts, worn sandals. No on-screen text, no logos, no watermarks.","Semi-realistic 3D CGI, game-cinematic render. Close-up of the boy studying the scrap pile while a glowing translucent blueprint of a windmill forms over the junk. Warm light, cyan highlights.",
63,5 · Building it,,4,,,"Semi-realistic 3D CGI, game-cinematic render, 16:9. Close-up of a bicycle wheel spinning against a small dynamo, tiny blue sparks running along a wire. Warm outdoor light, shallow depth of field. Setting: rural central Malawi, early 2000s. No on-screen text, no logos, no watermarks.","Semi-realistic 3D CGI, game-cinematic render. Close-up of a bicycle wheel spinning against a small dynamo, tiny blue sparks running along a wire. Warm outdoor light, shallow depth of field.",
64,5 · Building it,,6,,,"Semi-realistic 3D CGI, game-cinematic render, 16:9. Floating 3D concept view of blades spinning in a breeze and driving a dynamo attached to a bicycle wheel, wind lines flowing across the frame. Pale-blue background. Setting: rural central Malawi, early 2000s. No on-screen text, no logos, no watermarks.","Semi-realistic 3D CGI, game-cinematic render. Floating 3D concept view of blades spinning in a breeze and driving a dynamo attached to a bicycle wheel, wind lines flowing across the frame. Pale-blue background.",
65,5 · Building it,,6,WILLIAM_14,ref_william_14.png,"Semi-realistic 3D CGI, game-cinematic render, 16:9. Medium shot of the boy holding a length of PVC pipe over a small open fire, the pipe softening and curling as he bends it. Orange firelight on his face, dusk background. Setting: rural central Malawi, early 2000s. WILLIAM (age 14): slim Malawian boy, close-cropped hair, faded red T-shirt, khaki shorts, worn sandals. No on-screen text, no logos, no watermarks.","Semi-realistic 3D CGI, game-cinematic render. Medium shot of the boy holding a length of PVC pipe over a small open fire, the pipe softening and curling as he bends it. Orange firelight on his face, dusk background.",
66,5 · Building it,,4,WILLIAM_14,ref_william_14.png,"Semi-realistic 3D CGI, game-cinematic render, 16:9. Close-up of a glowing red-hot metal rod pressing through plastic, smoke curling up, a boy's careful hands in focus. Orange glow, dark surroundings. Setting: rural central Malawi, early 2000s. WILLIAM (age 14): slim Malawian boy, close-cropped hair, faded red T-shirt, khaki shorts, worn sandals. No on-screen text, no logos, no watermarks.","Semi-realistic 3D CGI, game-cinematic render. Close-up of a glowing red-hot metal rod pressing through plastic, smoke curling up, a boy's careful hands in focus. Orange glow, dark surroundings.",
67,5 · Building it,,6,WILLIAM_14,ref_william_14.png,"Semi-realistic 3D CGI, game-cinematic render, 16:9. Low-angle shot of the boy swinging an axe at the base of a tall slender tree, wood chips flying. The tree begins to lean. Golden sunlight through leaves. Setting: rural central Malawi, early 2000s. WILLIAM (age 14): slim Malawian boy, close-cropped hair, faded red T-shirt, khaki shorts, worn sandals. No on-screen text, no logos, no watermarks.","Semi-realistic 3D CGI, game-cinematic render. Low-angle shot of the boy swinging an axe at the base of a tall slender tree, wood chips flying. The tree begins to lean. Golden sunlight through leaves.",
68,5 · Building it,,4,WILLIAM_14,ref_william_14.png,"Semi-realistic 3D CGI, game-cinematic render, 16:9. Close-up of a tiny homemade model windmill on a table as the boy's hand blows gently on its blades and they spin. Warm window light, shallow depth of field. Setting: rural central Malawi, early 2000s. WILLIAM (age 14): slim Malawian boy, close-cropped hair, faded red T-shirt, khaki shorts, worn sandals. No on-screen text, no logos, no watermarks.","Semi-realistic 3D CGI, game-cinematic render. Close-up of a tiny homemade model windmill on a table as the boy's hand blows gently on its blades and they spin. Warm window light, shallow depth of field.",
69,5 · Building it,,6,WILLIAM_14,ref_william_14.png,"Semi-realistic 3D CGI, game-cinematic render, 16:9. Medium shot of the boy kneeling in the dirt before three small model windmills, tweaking one with a wire, then stepping back to watch. Warm afternoon light. Setting: rural central Malawi, early 2000s. WILLIAM (age 14): slim Malawian boy, close-cropped hair, faded red T-shirt, khaki shorts, worn sandals. No on-screen text, no logos, no watermarks.","Semi-realistic 3D CGI, game-cinematic render. Medium shot of the boy kneeling in the dirt before three small model windmills, tweaking one with a wire, then stepping back to watch. Warm afternoon light.",
70,5 · Building it,,4,WILLIAM_14,ref_william_14.png,"Semi-realistic 3D CGI, game-cinematic render, 16:9. Close-up of small blades spinning in the wind beside a tiny dynamo, the boy's eyes reflected in the shine of the metal. Warm outdoor light. Setting: rural central Malawi, early 2000s. WILLIAM (age 14): slim Malawian boy, close-cropped hair, faded red T-shirt, khaki shorts, worn sandals. No on-screen text, no logos, no watermarks.","Semi-realistic 3D CGI, game-cinematic render. Close-up of small blades spinning in the wind beside a tiny dynamo, the boy's eyes reflected in the shine of the metal. Warm outdoor light.",
71,5 · Building it,,6,WILLIAM_14,ref_william_14.png,"Semi-realistic 3D CGI, game-cinematic render, 16:9. Medium shot of a model windmill blade snapping off in a gust and tumbling across the dirt as the boy flinches back, dust kicking up. Harsh midday light. Setting: rural central Malawi, early 2000s. WILLIAM (age 14): slim Malawian boy, close-cropped hair, faded red T-shirt, khaki shorts, worn sandals. No on-screen text, no logos, no watermarks.","Semi-realistic 3D CGI, game-cinematic render. Medium shot of a model windmill blade snapping off in a gust and tumbling across the dirt as the boy flinches back, dust kicking up. Harsh midday light.",
72,5 · Building it,,6,WILLIAM_14,ref_william_14.png,"Semi-realistic 3D CGI, game-cinematic render, 16:9. Wide shot of the boy crouching in the scrapyard, sorting through metal bits, then holding one up to the light. Long shadows across the junk. Setting: rural central Malawi, early 2000s. WILLIAM (age 14): slim Malawian boy, close-cropped hair, faded red T-shirt, khaki shorts, worn sandals. No on-screen text, no logos, no watermarks.","Semi-realistic 3D CGI, game-cinematic render. Wide shot of the boy crouching in the scrapyard, sorting through metal bits, then holding one up to the light. Long shadows across the junk.",
73,5 · Building it,,6,WILLIAM_14,ref_william_14.png,"Semi-realistic 3D CGI, game-cinematic render, 16:9. Medium shot of the boy tightening a bolt on a repaired model windmill. The blades turn smoothly and a small smile forms. Warm sunset light. Setting: rural central Malawi, early 2000s. WILLIAM (age 14): slim Malawian boy, close-cropped hair, faded red T-shirt, khaki shorts, worn sandals. No on-screen text, no logos, no watermarks.","Semi-realistic 3D CGI, game-cinematic render. Medium shot of the boy tightening a bolt on a repaired model windmill. The blades turn smoothly and a small smile forms. Warm sunset light.",
74,5 · Building it,,6,WILLIAM_14,ref_william_14.png,"Semi-realistic 3D CGI, game-cinematic render, 16:9. Wide shot of villagers standing at a distance with crossed arms, watching the boy work on a pile of scrap. Slow push-in. Harsh midday light. Setting: rural central Malawi, early 2000s. WILLIAM (age 14): slim Malawian boy, close-cropped hair, faded red T-shirt, khaki shorts, worn sandals. No on-screen text, no logos, no watermarks.","Semi-realistic 3D CGI, game-cinematic render. Wide shot of villagers standing at a distance with crossed arms, watching the boy work on a pile of scrap. Slow push-in. Harsh midday light.",
75,5 · Building it,,6,WILLIAM_14,ref_william_14.png,"Semi-realistic 3D CGI, game-cinematic render, 16:9. Wide shot of the boy digging through a mound of rusted metal while two villagers watch from the road and shake their heads. Warm dusty light. Setting: rural central Malawi, early 2000s. WILLIAM (age 14): slim Malawian boy, close-cropped hair, faded red T-shirt, khaki shorts, worn sandals. No on-screen text, no logos, no watermarks.","Semi-realistic 3D CGI, game-cinematic render. Wide shot of the boy digging through a mound of rusted metal while two villagers watch from the road and shake their heads. Warm dusty light.",
76,5 · Building it,,6,WILLIAM_14,ref_william_14.png,"Semi-realistic 3D CGI, game-cinematic render, 16:9. Medium shot of two men pointing and laughing at the boy carrying pipe past them, one tapping his own head. The boy keeps walking. Harsh sunlight. Setting: rural central Malawi, early 2000s. WILLIAM (age 14): slim Malawian boy, close-cropped hair, faded red T-shirt, khaki shorts, worn sandals. No on-screen text, no logos, no watermarks.","Semi-realistic 3D CGI, game-cinematic render. Medium shot of two men pointing and laughing at the boy carrying pipe past them, one tapping his own head. The boy keeps walking. Harsh sunlight.",
77,5 · Building it,,6,WILLIAM_14,ref_william_14.png,"Semi-realistic 3D CGI, game-cinematic render, 16:9. Tracking shot of village children laughing and pointing as the boy carries a rusty bicycle frame, head down, not breaking stride. Warm afternoon light. Setting: rural central Malawi, early 2000s. WILLIAM (age 14): slim Malawian boy, close-cropped hair, faded red T-shirt, khaki shorts, worn sandals. No on-screen text, no logos, no watermarks.","Semi-realistic 3D CGI, game-cinematic render. Tracking shot of village children laughing and pointing as the boy carries a rusty bicycle frame, head down, not breaking stride. Warm afternoon light.",
78,5 · Building it,,6,WILLIAM_14 FATHER MOTHER,ref_william_14.png ref_father.png ref_mother.png,"Semi-realistic 3D CGI, game-cinematic render, 16:9. Medium shot of a mother and father whispering with worried faces by a mud-brick wall while the boy hammers at scrap in the yard behind them. Dim late light. Setting: rural central Malawi, early 2000s. WILLIAM (age 14): slim Malawian boy, close-cropped hair, faded red T-shirt, khaki shorts, worn sandals. FATHER: lean Malawian farmer in his 40s, faded work shirt, weathered hands. MOTHER: Malawian woman in her 40s, patterned chitenge wrap and headscarf. No on-screen text, no logos, no watermarks.","Semi-realistic 3D CGI, game-cinematic render. Medium shot of a mother and father whispering with worried faces by a mud-brick wall while the boy hammers at scrap in the yard behind them. Dim late light.",
79,5 · Building it,,6,WILLIAM_14,ref_william_14.png,"Semi-realistic 3D CGI, game-cinematic render, 16:9. Low-angle shot of the boy hammering a metal piece onto a wooden frame, sunlight sparking behind him. He wipes his brow and keeps going. Setting: rural central Malawi, early 2000s. WILLIAM (age 14): slim Malawian boy, close-cropped hair, faded red T-shirt, khaki shorts, worn sandals. No on-screen text, no logos, no watermarks.","Semi-realistic 3D CGI, game-cinematic render. Low-angle shot of the boy hammering a metal piece onto a wooden frame, sunlight sparking behind him. He wipes his brow and keeps going.",
80,5 · Building it,,8,WILLIAM_14,ref_william_14.png,"Semi-realistic 3D CGI, game-cinematic render, 16:9. Time-lapse-style wide shot of a yard where a tower frame of wood poles slowly rises over the seasons, the boy working beside it in changing light. Setting: rural central Malawi, early 2000s. WILLIAM (age 14): slim Malawian boy, close-cropped hair, faded red T-shirt, khaki shorts, worn sandals. No on-screen text, no logos, no watermarks.","Semi-realistic 3D CGI, game-cinematic render. Time-lapse-style wide shot of a yard where a tower frame of wood poles slowly rises over the seasons, the boy working beside it in changing light.",
81,5 · Building it,yes,6,,,"Semi-realistic 3D CGI, game-cinematic render, 16:9. Low-angle tilt up a tall rickety tower of blue gum poles tied with wire, rising above a mud-brick house. Golden-hour sun, pale blue sky. Setting: rural central Malawi, early 2000s. No on-screen text, no logos, no watermarks.","Semi-realistic 3D CGI, game-cinematic render. Low-angle tilt up a tall rickety tower of blue gum poles tied with wire, rising above a mud-brick house. Golden-hour sun, pale blue sky.",
82,5 · Building it,yes,4,,,"Semi-realistic 3D CGI, game-cinematic render, 16:9. Low-angle close-up of curved PVC blades around a rusty tractor fan hub at the tower top, silhouetted against a bright sky. The blades give a first small turn. Setting: rural central Malawi, early 2000s. No on-screen text, no logos, no watermarks.","Semi-realistic 3D CGI, game-cinematic render. Low-angle close-up of curved PVC blades around a rusty tractor fan hub at the tower top, silhouetted against a bright sky. The blades give a first small turn.",
83,5 · Building it,,6,FATHER MOTHER,ref_father.png ref_mother.png,"Semi-realistic 3D CGI, game-cinematic render, 16:9. Two-shot of a father and mother looking uncertainly up at the unfinished tower, the father rubbing the back of his neck. Soft overcast light. Setting: rural central Malawi, early 2000s. FATHER: lean Malawian farmer in his 40s, faded work shirt, weathered hands. MOTHER: Malawian woman in her 40s, patterned chitenge wrap and headscarf. No on-screen text, no logos, no watermarks.","Semi-realistic 3D CGI, game-cinematic render. Two-shot of a father and mother looking uncertainly up at the unfinished tower, the father rubbing the back of his neck. Soft overcast light.",
84,5 · Building it,,4,MOTHER,ref_mother.png,"Semi-realistic 3D CGI, game-cinematic render, 16:9. Close-up of a thin mother sitting against a mud wall, her tired eyes closing for a moment as her hands rest limp. Dim diffuse light. Setting: rural central Malawi, early 2000s. MOTHER: Malawian woman in her 40s, patterned chitenge wrap and headscarf. No on-screen text, no logos, no watermarks.","Semi-realistic 3D CGI, game-cinematic render. Close-up of a thin mother sitting against a mud wall, her tired eyes closing for a moment as her hands rest limp. Dim diffuse light.",
85,5 · Building it,,6,WILLIAM_14 FATHER,ref_william_14.png ref_father.png,"Semi-realistic 3D CGI, game-cinematic render, 16:9. Wide shot of a father watching his son tinker with scrap in the yard, an empty cooking pot beside him. Slow push-in. Late-afternoon light. Setting: rural central Malawi, early 2000s. WILLIAM (age 14): slim Malawian boy, close-cropped hair, faded red T-shirt, khaki shorts, worn sandals. FATHER: lean Malawian farmer in his 40s, faded work shirt, weathered hands. No on-screen text, no logos, no watermarks.","Semi-realistic 3D CGI, game-cinematic render. Wide shot of a father watching his son tinker with scrap in the yard, an empty cooking pot beside him. Slow push-in. Late-afternoon light.",
86,5 · Building it,,6,WILLIAM_14 FATHER,ref_william_14.png ref_father.png,"Semi-realistic 3D CGI, game-cinematic render, 16:9. Medium shot of the father giving a small, reluctant nod. The son looks up with relief and goes back to work. Warm golden light. Setting: rural central Malawi, early 2000s. WILLIAM (age 14): slim Malawian boy, close-cropped hair, faded red T-shirt, khaki shorts, worn sandals. FATHER: lean Malawian farmer in his 40s, faded work shirt, weathered hands. No on-screen text, no logos, no watermarks.","Semi-realistic 3D CGI, game-cinematic render. Medium shot of the father giving a small, reluctant nod. The son looks up with relief and goes back to work. Warm golden light.",
87,5 · Building it,,6,WILLIAM_14 MOTHER,ref_william_14.png ref_mother.png,"Semi-realistic 3D CGI, game-cinematic render, 16:9. Medium shot of the mother in the doorway watching her son work on the tower in the fading sunset, her face softening. Warm amber light. Setting: rural central Malawi, early 2000s. WILLIAM (age 14): slim Malawian boy, close-cropped hair, faded red T-shirt, khaki shorts, worn sandals. MOTHER: Malawian woman in her 40s, patterned chitenge wrap and headscarf. No on-screen text, no logos, no watermarks.","Semi-realistic 3D CGI, game-cinematic render. Medium shot of the mother in the doorway watching her son work on the tower in the fading sunset, her face softening. Warm amber light.",
88,6 · First light,yes,6,WILLIAM_14,ref_william_14.png,"Semi-realistic 3D CGI, game-cinematic render, 16:9. Wide low-angle shot of the finished windmill against moving clouds, the boy beside it and a small crowd gathering behind. Slow push-in. Warm early-morning light. Setting: rural central Malawi, early 2000s. WILLIAM (age 14): slim Malawian boy, close-cropped hair, faded red T-shirt, khaki shorts, worn sandals. No on-screen text, no logos, no watermarks.","Semi-realistic 3D CGI, game-cinematic render. Wide low-angle shot of the finished windmill against moving clouds, the boy beside it and a small crowd gathering behind. Slow push-in. Warm early-morning light.",
89,6 · First light,,6,WILLIAM_14,ref_william_14.png,"Semi-realistic 3D CGI, game-cinematic render, 16:9. Medium shot of the boy holding a small bulb with wires attached, looking up as the blades start to turn, dust swirling around his feet. Warm sunlight. Setting: rural central Malawi, early 2000s. WILLIAM (age 14): slim Malawian boy, close-cropped hair, faded red T-shirt, khaki shorts, worn sandals. No on-screen text, no logos, no watermarks.","Semi-realistic 3D CGI, game-cinematic render. Medium shot of the boy holding a small bulb with wires attached, looking up as the blades start to turn, dust swirling around his feet. Warm sunlight.",
90,6 · First light,,4,WILLIAM_14,ref_william_14.png,"Semi-realistic 3D CGI, game-cinematic render, 16:9. Close-up of an unlit bulb in the boy's hand, his anxious eyes fixed on it. The blurred crowd stays silent behind him. Shallow depth of field. Setting: rural central Malawi, early 2000s. WILLIAM (age 14): slim Malawian boy, close-cropped hair, faded red T-shirt, khaki shorts, worn sandals. No on-screen text, no logos, no watermarks.","Semi-realistic 3D CGI, game-cinematic render. Close-up of an unlit bulb in the boy's hand, his anxious eyes fixed on it. The blurred crowd stays silent behind him. Shallow depth of field.",
91,6 · First light,yes,4,WILLIAM_14,ref_william_14.png,"Semi-realistic 3D CGI, game-cinematic render, 16:9. Extreme close-up of the bulb flickering once, twice, then glowing warm yellow, the light reflected in the boy's wide eyes. Setting: rural central Malawi, early 2000s. WILLIAM (age 14): slim Malawian boy, close-cropped hair, faded red T-shirt, khaki shorts, worn sandals. No on-screen text, no logos, no watermarks.","Semi-realistic 3D CGI, game-cinematic render. Extreme close-up of the bulb flickering once, twice, then glowing warm yellow, the light reflected in the boy's wide eyes.",
92,6 · First light,yes,6,WILLIAM_14,ref_william_14.png,"Semi-realistic 3D CGI, game-cinematic render, 16:9. Low-angle shot of the windmill spinning fast against a blue sky while the boy raises the lit bulb in the foreground and smiles. Warm golden light. Setting: rural central Malawi, early 2000s. WILLIAM (age 14): slim Malawian boy, close-cropped hair, faded red T-shirt, khaki shorts, worn sandals. No on-screen text, no logos, no watermarks.","Semi-realistic 3D CGI, game-cinematic render. Low-angle shot of the windmill spinning fast against a blue sky while the boy raises the lit bulb in the foreground and smiles. Warm golden light.",
93,6 · First light,,6,,,"Semi-realistic 3D CGI, game-cinematic render, 16:9. Aerial drift over a village as small groups of people stream along dirt paths toward one house with a windmill. Warm golden-hour light. Setting: rural central Malawi, early 2000s. No on-screen text, no logos, no watermarks.","Semi-realistic 3D CGI, game-cinematic render. Aerial drift over a village as small groups of people stream along dirt paths toward one house with a windmill. Warm golden-hour light.",
94,6 · First light,yes,6,WILLIAM_14,ref_william_14.png,"Semi-realistic 3D CGI, game-cinematic render, 16:9. Wide shot at dusk as villagers crowd around the boy and his glowing bulb, the same men who mocked him leaning in. Warm bulb glow on faces. Setting: rural central Malawi, early 2000s. WILLIAM (age 14): slim Malawian boy, close-cropped hair, faded red T-shirt, khaki shorts, worn sandals. No on-screen text, no logos, no watermarks.","Semi-realistic 3D CGI, game-cinematic render. Wide shot at dusk as villagers crowd around the boy and his glowing bulb, the same men who mocked him leaning in. Warm bulb glow on faces.",
95,6 · First light,,4,,,"Semi-realistic 3D CGI, game-cinematic render, 16:9. Close-up of an older man reaching out a trembling hand toward the bulb, mouth slightly open in disbelief. Warm golden glow, dark background. Setting: rural central Malawi, early 2000s. No on-screen text, no logos, no watermarks.","Semi-realistic 3D CGI, game-cinematic render. Close-up of an older man reaching out a trembling hand toward the bulb, mouth slightly open in disbelief. Warm golden glow, dark background.",
96,6 · First light,,6,,,"Semi-realistic 3D CGI, game-cinematic render, 16:9. Medium shot of the small windmill turning gently in a modest breeze, rust and bent pipe visible, a single wire running down to the house. Soft late light. Setting: rural central Malawi, early 2000s. No on-screen text, no logos, no watermarks.","Semi-realistic 3D CGI, game-cinematic render. Medium shot of the small windmill turning gently in a modest breeze, rust and bent pipe visible, a single wire running down to the house. Soft late light.",
97,6 · First light,,6,,,"Semi-realistic 3D CGI, game-cinematic render, 16:9. Medium shot inside a mud-brick room as two small bulbs glow and a radio plays. A family on a mat smiles. Slow dolly-in. Warm bulb light. Setting: rural central Malawi, early 2000s. No on-screen text, no logos, no watermarks.","Semi-realistic 3D CGI, game-cinematic render. Medium shot inside a mud-brick room as two small bulbs glow and a radio plays. A family on a mat smiles. Slow dolly-in. Warm bulb light.",
98,6 · First light,yes,6,,,"Semi-realistic 3D CGI, game-cinematic render, 16:9. Night aerial descent over a dark village toward a single warm glowing window, the little windmill silhouetted above it. Deep blue-gray night. Setting: rural central Malawi, early 2000s. No on-screen text, no logos, no watermarks.","Semi-realistic 3D CGI, game-cinematic render. Night aerial descent over a dark village toward a single warm glowing window, the little windmill silhouetted above it. Deep blue-gray night.",
99,6 · First light,,6,WILLIAM_14,ref_william_14.png,"Semi-realistic 3D CGI, game-cinematic render, 16:9. Low-angle tracking shot of the boy striding across the yard with a coil of wire and a toolbox, the windmill spinning behind him. Warm morning light. Setting: rural central Malawi, early 2000s. WILLIAM (age 14): slim Malawian boy, close-cropped hair, faded red T-shirt, khaki shorts, worn sandals. No on-screen text, no logos, no watermarks.","Semi-realistic 3D CGI, game-cinematic render. Low-angle tracking shot of the boy striding across the yard with a coil of wire and a toolbox, the windmill spinning behind him. Warm morning light.",
100,6 · First light,,6,WILLIAM_14 MOTHER,ref_william_14.png ref_mother.png,"Semi-realistic 3D CGI, game-cinematic render, 16:9. Medium shot of the boy on a stool fixing a wire along a mud-brick ceiling, a bare bulb hanging beside him, his mother watching from below. Warm light through the doorway. Setting: rural central Malawi, early 2000s. WILLIAM (age 14): slim Malawian boy, close-cropped hair, faded red T-shirt, khaki shorts, worn sandals. MOTHER: Malawian woman in her 40s, patterned chitenge wrap and headscarf. No on-screen text, no logos, no watermarks.","Semi-realistic 3D CGI, game-cinematic render. Medium shot of the boy on a stool fixing a wire along a mud-brick ceiling, a bare bulb hanging beside him, his mother watching from below. Warm light through the doorway.",
101,6 · First light,,6,WILLIAM_14,ref_william_14.png,"Semi-realistic 3D CGI, game-cinematic render, 16:9. Medium shot of the boy reading at a wooden table under a single glowing bulb, turning a page as the rest of the room stays dark. Slow push-in. Setting: rural central Malawi, early 2000s. WILLIAM (age 14): slim Malawian boy, close-cropped hair, faded red T-shirt, khaki shorts, worn sandals. No on-screen text, no logos, no watermarks.","Semi-realistic 3D CGI, game-cinematic render. Medium shot of the boy reading at a wooden table under a single glowing bulb, turning a page as the rest of the room stays dark. Slow push-in.",
102,6 · First light,,4,WILLIAM_14,ref_william_14.png,"Semi-realistic 3D CGI, game-cinematic render, 16:9. Close-up of the boy's finger flipping a handmade wooden switch, a small radio on the shelf lighting up. Warm light, shallow depth of field. Setting: rural central Malawi, early 2000s. WILLIAM (age 14): slim Malawian boy, close-cropped hair, faded red T-shirt, khaki shorts, worn sandals. No on-screen text, no logos, no watermarks.","Semi-realistic 3D CGI, game-cinematic render. Close-up of the boy's finger flipping a handmade wooden switch, a small radio on the shelf lighting up. Warm light, shallow depth of field.",
103,6 · First light,,6,WILLIAM_14,ref_william_14.png,"Semi-realistic 3D CGI, game-cinematic render, 16:9. Wide shot of neighbors holding phones in a queue at the foot of the windmill, wires running to a small charging board, the boy tending it. Golden-hour light. Setting: rural central Malawi, early 2000s. WILLIAM (age 14): slim Malawian boy, close-cropped hair, faded red T-shirt, khaki shorts, worn sandals. No on-screen text, no logos, no watermarks.","Semi-realistic 3D CGI, game-cinematic render. Wide shot of neighbors holding phones in a queue at the foot of the windmill, wires running to a small charging board, the boy tending it. Golden-hour light.",
104,7 · Water,,6,,,"Semi-realistic 3D CGI, game-cinematic render, 16:9. Aerial pull-back over a long dusty road winding from the village to a distant town, a few tiny figures walking along it. Warm tan and pale-blue palette. Setting: rural central Malawi, early 2000s. No on-screen text, no logos, no watermarks.","Semi-realistic 3D CGI, game-cinematic render. Aerial pull-back over a long dusty road winding from the village to a distant town, a few tiny figures walking along it. Warm tan and pale-blue palette.",
105,7 · Water,,6,WILLIAM_14,ref_william_14.png,"Semi-realistic 3D CGI, game-cinematic render, 16:9. Medium shot of the boy before a dry field holding a pencil sketch of a pump and windmill. He lowers it and looks out across the land. Warm golden light. Setting: rural central Malawi, early 2000s. WILLIAM (age 14): slim Malawian boy, close-cropped hair, faded red T-shirt, khaki shorts, worn sandals. No on-screen text, no logos, no watermarks.","Semi-realistic 3D CGI, game-cinematic render. Medium shot of the boy before a dry field holding a pencil sketch of a pump and windmill. He lowers it and looks out across the land. Warm golden light.",
106,7 · Water,,6,WILLIAM_14,ref_william_14.png,"Semi-realistic 3D CGI, game-cinematic render, 16:9. Low-angle tilt up a second, taller windmill tower as the boy and two helpers lift a large blade assembly into place at the top. Bright pale sky. Setting: rural central Malawi, early 2000s. WILLIAM (age 14): slim Malawian boy, close-cropped hair, faded red T-shirt, khaki shorts, worn sandals. No on-screen text, no logos, no watermarks.","Semi-realistic 3D CGI, game-cinematic render. Low-angle tilt up a second, taller windmill tower as the boy and two helpers lift a large blade assembly into place at the top. Bright pale sky.",
107,7 · Water,,6,FATHER,ref_father.png,"Semi-realistic 3D CGI, game-cinematic render, 16:9. Medium shot of a father kneeling in a green maize field as water flows from a pipe, his hand touching the wet earth, a windmill spinning behind. Warm light. Setting: rural central Malawi, early 2000s. FATHER: lean Malawian farmer in his 40s, faded work shirt, weathered hands. No on-screen text, no logos, no watermarks.","Semi-realistic 3D CGI, game-cinematic render. Medium shot of a father kneeling in a green maize field as water flows from a pipe, his hand touching the wet earth, a windmill spinning behind. Warm light.",
108,7 · Water,,6,,,"Semi-realistic 3D CGI, game-cinematic render, 16:9. Wide shot of villagers gathering clear water at a pump beside a row of solar panels, children filling buckets and laughing. Bright midday light. Setting: rural central Malawi, early 2000s. No on-screen text, no logos, no watermarks.","Semi-realistic 3D CGI, game-cinematic render. Wide shot of villagers gathering clear water at a pump beside a row of solar panels, children filling buckets and laughing. Bright midday light.",
109,7 · Water,,6,,,"Semi-realistic 3D CGI, game-cinematic render, 16:9. Wide shot of a cloudless sky over green irrigated fields as the windmill turns steadily and water runs through channels between crops. Warm golden light. Setting: rural central Malawi, early 2000s. No on-screen text, no logos, no watermarks.","Semi-realistic 3D CGI, game-cinematic render. Wide shot of a cloudless sky over green irrigated fields as the windmill turns steadily and water runs through channels between crops. Warm golden light.",
110,7 · Water,,6,WILLIAM_14,ref_william_14.png,"Semi-realistic 3D CGI, game-cinematic render, 16:9. Low-angle shot of the boy standing tall before a spinning windmill as a heavy gray cloud edge breaks into light behind him. Dramatic rim light. Setting: rural central Malawi, early 2000s. WILLIAM (age 14): slim Malawian boy, close-cropped hair, faded red T-shirt, khaki shorts, worn sandals. No on-screen text, no logos, no watermarks.","Semi-realistic 3D CGI, game-cinematic render. Low-angle shot of the boy standing tall before a spinning windmill as a heavy gray cloud edge breaks into light behind him. Dramatic rim light.",
111,7 · Water,,6,WILLIAM_14,ref_william_14.png,"Semi-realistic 3D CGI, game-cinematic render, 16:9. Medium shot of the boy, dusty and sunburnt, wiping his hands on his shorts as he looks proudly at his two windmills in the distance. Slow push-in. Warm golden light. Setting: rural central Malawi, early 2000s. WILLIAM (age 14): slim Malawian boy, close-cropped hair, faded red T-shirt, khaki shorts, worn sandals. No on-screen text, no logos, no watermarks.","Semi-realistic 3D CGI, game-cinematic render. Medium shot of the boy, dusty and sunburnt, wiping his hands on his shorts as he looks proudly at his two windmills in the distance. Slow push-in. Warm golden light.",
112,8 · The world finds out,,6,WILLIAM_14,ref_william_14.png,"Semi-realistic 3D CGI, game-cinematic render, 16:9. Wide tracking shot of a man with a notebook and camera walking along a dusty path toward a house with a tall windmill, the boy waiting by the gate. Late-afternoon light. Setting: rural central Malawi, early 2000s. WILLIAM (age 14): slim Malawian boy, close-cropped hair, faded red T-shirt, khaki shorts, worn sandals. No on-screen text, no logos, no watermarks.","Semi-realistic 3D CGI, game-cinematic render. Wide tracking shot of a man with a notebook and camera walking along a dusty path toward a house with a tall windmill, the boy waiting by the gate. Late-afternoon light.",
113,8 · The world finds out,,4,WILLIAM_14,ref_william_14.png,"Semi-realistic 3D CGI, game-cinematic render, 16:9. Close-up of a laptop screen showing a generic blog post with unreadable placeholder text with a photo of a boy and a windmill, a coffee cup beside it. The cursor scrolls down. Cool screen glow. Setting: rural central Malawi, early 2000s. WILLIAM (age 14): slim Malawian boy, close-cropped hair, faded red T-shirt, khaki shorts, worn sandals. No on-screen text, no logos, no watermarks.","Semi-realistic 3D CGI, game-cinematic render. Close-up of a laptop screen showing a blog post with a photo of a boy and a windmill, a coffee cup beside it. The cursor scrolls down. Cool screen glow.",No real site branding.
114,8 · The world finds out,,8,,,"Semi-realistic 3D CGI, game-cinematic render, 16:9. Aerial rise over a dark globe as glowing light lines spread from one tiny village across continents, thousands of points lighting up. Deep blue and warm gold. No on-screen text, no logos, no watermarks.","Semi-realistic 3D CGI, game-cinematic render. Aerial rise over a dark globe as glowing light lines spread from one tiny village across continents, thousands of points lighting up. Deep blue and warm gold.",
115,8 · The world finds out,,8,,,"Semi-realistic 3D CGI, game-cinematic render, 16:9. Rapid cross-cut wide shots of people in cafés and offices around the world reading the story on phones and laptops, each lit by warm screen light. No on-screen text, no logos, no watermarks.","Semi-realistic 3D CGI, game-cinematic render. Rapid cross-cut wide shots of people in cafés and offices around the world reading the story on phones and laptops, each lit by warm screen light.",Multi-location montage: may need 3 separate generations.
116,8 · The world finds out,,6,WILLIAM_ADULT MOTHER,ref_william_adult.png ref_mother.png,"Semi-realistic 3D CGI, game-cinematic render, 16:9. Medium shot of the young man holding an invitation letter beside his smiling mother outside their home. He looks at the letter, then at her. Warm golden light. Setting: rural central Malawi, early 2000s. WILLIAM (early 20s): same face as the boy, older, slim build, close-cropped hair, collared shirt. MOTHER: Malawian woman in her 40s, patterned chitenge wrap and headscarf. No on-screen text, no logos, no watermarks.","Semi-realistic 3D CGI, game-cinematic render. Medium shot of the young man holding an invitation letter beside his smiling mother outside their home. He looks at the letter, then at her. Warm golden light.",
117,8 · The world finds out,,4,WILLIAM_ADULT,ref_william_adult.png,"Semi-realistic 3D CGI, game-cinematic render, 16:9. Close-up of the young man gazing out of an airplane window at clouds, eyes wide with wonder, soft light shifting across his face. WILLIAM (early 20s): same face as the boy, older, slim build, close-cropped hair, collared shirt. No on-screen text, no logos, no watermarks.","Semi-realistic 3D CGI, game-cinematic render. Close-up of the young man gazing out of an airplane window at clouds, eyes wide with wonder, soft light shifting across his face.",
118,8 · The world finds out,yes,6,WILLIAM_ADULT,ref_william_adult.png,"Semi-realistic 3D CGI, game-cinematic render, 16:9. Wide shot from behind the young man in a collared shirt as he walks to the edge of a large generic conference stage with no logos, a bright spotlight ahead and hundreds of silhouetted audience members in the dark hall. WILLIAM (early 20s): same face as the boy, older, slim build, close-cropped hair, collared shirt. No on-screen text, no logos, no watermarks.","Semi-realistic 3D CGI, game-cinematic render. Wide shot from behind the young man in a collared shirt as he walks to the edge of a large stage, a bright spotlight ahead and hundreds of silhouetted audience members in the dark hall.",Keep the stage generic: no TED logo.
119,8 · The world finds out,,6,WILLIAM_ADULT,ref_william_adult.png,"Semi-realistic 3D CGI, game-cinematic render, 16:9. Medium close-up of the young man speaking on stage, one hand raised slightly, a projected photo of a windmill on a screen behind him. Warm spotlight. WILLIAM (early 20s): same face as the boy, older, slim build, close-cropped hair, collared shirt. No on-screen text, no logos, no watermarks.","Semi-realistic 3D CGI, game-cinematic render. Medium close-up of the young man speaking on stage, one hand raised slightly, a projected photo of a windmill on a screen behind him. Warm spotlight.",Keep the stage generic: no TED logo.
120,8 · The world finds out,,6,,,"Semi-realistic 3D CGI, game-cinematic render, 16:9. Low-angle slow push-in as a large audience rises to its feet and applauds, the speaker small and moved at center stage. Warm golden light. No on-screen text, no logos, no watermarks.","Semi-realistic 3D CGI, game-cinematic render. Low-angle slow push-in as a large audience rises to its feet and applauds, the speaker small and moved at center stage. Warm golden light.",Keep the stage generic: no TED logo.
121,9 · Legacy,,6,,,"Semi-realistic 3D CGI, game-cinematic render, 16:9. Close-up of the small rickety windmill spinning against a clean pale-blue sky, rust and bent pipe blades clearly visible. Slow push-in. Warm golden light. Setting: rural central Malawi, early 2000s. No on-screen text, no logos, no watermarks.","Semi-realistic 3D CGI, game-cinematic render. Close-up of the small rickety windmill spinning against a clean pale-blue sky, rust and bent pipe blades clearly visible. Slow push-in. Warm golden light.",
122,9 · Legacy,,6,WILLIAM_14,ref_william_14.png,"Semi-realistic 3D CGI, game-cinematic render, 16:9. Wide shot of the boy working in an open dirt yard among scrap with no benches or tools rack, only wind and dust. Slow pull-back. Warm golden light. Setting: rural central Malawi, early 2000s. WILLIAM (age 14): slim Malawian boy, close-cropped hair, faded red T-shirt, khaki shorts, worn sandals. No on-screen text, no logos, no watermarks.","Semi-realistic 3D CGI, game-cinematic render. Wide shot of the boy working in an open dirt yard among scrap with no benches or tools rack, only wind and dust. Slow pull-back. Warm golden light.",
123,9 · Legacy,,6,WILLIAM_14,ref_william_14.png,"Semi-realistic 3D CGI, game-cinematic render, 16:9. Low-angle shot of the boy lifting a library book in one hand and a rusty fan blade in the other as a glowing bulb rises above him against the dusk sky. Setting: rural central Malawi, early 2000s. WILLIAM (age 14): slim Malawian boy, close-cropped hair, faded red T-shirt, khaki shorts, worn sandals. No on-screen text, no logos, no watermarks.","Semi-realistic 3D CGI, game-cinematic render. Low-angle shot of the boy lifting a library book in one hand and a rusty fan blade in the other as a glowing bulb rises above him against the dusk sky.",
124,9 · Legacy,,6,WILLIAM_ADULT,ref_william_adult.png,"Semi-realistic 3D CGI, game-cinematic render, 16:9. Medium shot of the young man pushing open a large wooden double door as bright warm light floods in from beyond. He steps forward into it. WILLIAM (early 20s): same face as the boy, older, slim build, close-cropped hair, collared shirt. No on-screen text, no logos, no watermarks.","Semi-realistic 3D CGI, game-cinematic render. Medium shot of the young man pushing open a large wooden double door as bright warm light floods in from beyond. He steps forward into it.",
125,9 · Legacy,,6,WILLIAM_ADULT,ref_william_adult.png,"Semi-realistic 3D CGI, game-cinematic render, 16:9. Medium shot of the young man in a school uniform entering a bright modern classroom with a backpack, a teacher greeting him at the door. Clean warm light. WILLIAM (early 20s): same face as the boy, older, slim build, close-cropped hair, collared shirt. No on-screen text, no logos, no watermarks.","Semi-realistic 3D CGI, game-cinematic render. Medium shot of the young man in a school uniform entering a bright modern classroom with a backpack, a teacher greeting him at the door. Clean warm light.",
126,9 · Legacy,,6,WILLIAM_ADULT,ref_william_adult.png,"Semi-realistic 3D CGI, game-cinematic render, 16:9. Wide tracking shot across a modern school campus as diverse students cross a green lawn, the young man walking among them. Bright warm daylight. WILLIAM (early 20s): same face as the boy, older, slim build, close-cropped hair, collared shirt. No on-screen text, no logos, no watermarks.","Semi-realistic 3D CGI, game-cinematic render. Wide tracking shot across a modern school campus as diverse students cross a green lawn, the young man walking among them. Bright warm daylight.",
127,9 · Legacy,,6,WILLIAM_ADULT,ref_william_adult.png,"Semi-realistic 3D CGI, game-cinematic render, 16:9. Wide shot of a young man in a graduation cap and gown tossing his cap into the air on a grassy campus quad with old brick buildings behind, classmates cheering. Warm autumn light. WILLIAM (early 20s): same face as the boy, older, slim build, close-cropped hair, collared shirt. No on-screen text, no logos, no watermarks.","Semi-realistic 3D CGI, game-cinematic render. Wide shot of a young man in a graduation cap and gown tossing his cap into the air on a grassy campus quad with old brick buildings behind, classmates cheering. Warm autumn light.",
128,9 · Legacy,,6,WILLIAM_ADULT,ref_william_adult.png,"Semi-realistic 3D CGI, game-cinematic render, 16:9. Medium shot of the young man at a wooden desk writing in a notebook beside a laptop, a small model windmill on the desk spinning faintly. Warm lamp light. WILLIAM (early 20s): same face as the boy, older, slim build, close-cropped hair, collared shirt. No on-screen text, no logos, no watermarks.","Semi-realistic 3D CGI, game-cinematic render. Medium shot of the young man at a wooden desk writing in a notebook beside a laptop, a small model windmill on the desk spinning faintly. Warm lamp light.",
129,9 · Legacy,,6,,,"Semi-realistic 3D CGI, game-cinematic render, 16:9. Wide shot of a bookstore display table with a tall stack of identical books with blank, unreadable covers as customers pick them up one after another. Slow dolly-in. Warm interior light. No on-screen text, no logos, no watermarks.","Semi-realistic 3D CGI, game-cinematic render. Wide shot of a bookstore display table with a tall stack of identical books as customers pick them up one after another. Slow dolly-in. Warm interior light.",No real book cover or title.
130,9 · Legacy,,6,,,"Semi-realistic 3D CGI, game-cinematic render, 16:9. Wide shot of a film set in a Malawian village as a crew films a teenage actor (a different person from WILLIAM) beside a tall windmill, a camera dolly gliding past. Warm golden-hour light. Setting: rural central Malawi, early 2000s. No on-screen text, no logos, no watermarks.","Semi-realistic 3D CGI, game-cinematic render. Wide shot of a film set in a Malawian village as a crew films a teenage actor beside a tall windmill, a camera dolly gliding past. Warm golden-hour light.",No studio or Netflix branding.
131,9 · Legacy,,6,WILLIAM_ADULT,ref_william_adult.png,"Semi-realistic 3D CGI, game-cinematic render, 16:9. Medium shot of the young man pointing at a map as villagers gather around him in the shade of a tree, nodding. Slow push-in. Warm daylight. Setting: rural central Malawi, early 2000s. WILLIAM (early 20s): same face as the boy, older, slim build, close-cropped hair, collared shirt. No on-screen text, no logos, no watermarks.","Semi-realistic 3D CGI, game-cinematic render. Medium shot of the young man pointing at a map as villagers gather around him in the shade of a tree, nodding. Slow push-in. Warm daylight.",
132,9 · Legacy,,8,,,"Semi-realistic 3D CGI, game-cinematic render, 16:9. Wide pan across a landscape. Children enter a new school, then solar panels glint on a roof, then villagers draw clear water from a well. Bright warm light. Setting: rural central Malawi, early 2000s. No on-screen text, no logos, no watermarks.","Semi-realistic 3D CGI, game-cinematic render. Wide pan across a landscape. Children enter a new school, then solar panels glint on a roof, then villagers draw clear water from a well. Bright warm light.",Three scenes in one pan: may need 3 separate generations.
133,9 · Legacy,,8,,,"Semi-realistic 3D CGI, game-cinematic render, 16:9. Aerial drift over a glowing map of Africa at dusk as warm light points appear at project sites, a thin line linking them. Deep blue and warm gold. No on-screen text, no logos, no watermarks.","Semi-realistic 3D CGI, game-cinematic render. Aerial drift over a glowing map of Africa at dusk as warm light points appear at project sites, a thin line linking them. Deep blue and warm gold.",
134,9 · Legacy,yes,6,,,"Semi-realistic 3D CGI, game-cinematic render, 16:9. Wide shot at sunset of the original windmill standing behind a mud-brick house, its blades turning gently. Slow push-in. Warm golden glow. Setting: rural central Malawi, early 2000s. No on-screen text, no logos, no watermarks.","Semi-realistic 3D CGI, game-cinematic render. Wide shot at sunset of the original windmill standing behind a mud-brick house, its blades turning gently. Slow push-in. Warm golden glow.",
135,9 · Legacy,,6,WILLIAM_14,ref_william_14.png,"Semi-realistic 3D CGI, game-cinematic render, 16:9. Low-angle tilt up the weathered tower, rust and wood grain in sharp detail, as a ghostly transparent silhouette of the boy in a red T-shirt fades in beside its base. Warm sunset light. Setting: rural central Malawi, early 2000s. WILLIAM (age 14): slim Malawian boy, close-cropped hair, faded red T-shirt, khaki shorts, worn sandals. No on-screen text, no logos, no watermarks.","Semi-realistic 3D CGI, game-cinematic render. Low-angle tilt up the weathered tower, rust and wood grain in sharp detail, as a ghostly transparent silhouette of the boy in a red T-shirt fades in beside its base. Warm sunset light.",Ghost effect may need a second pass or compositing.
136,9 · Legacy,,8,,,"Semi-realistic 3D CGI, game-cinematic render, 16:9. Aerial rise above the windmill spinning at dusk as glowing book pages drift up on the wind around its blades, village lights twinkling below. The scene fades to dusk. Setting: rural central Malawi, early 2000s. No on-screen text, no logos, no watermarks.","Semi-realistic 3D CGI, game-cinematic render. Aerial rise above the windmill spinning at dusk as glowing book pages drift up on the wind around its blades, village lights twinkling below. The scene fades to dusk.",
